{"pages":["Lato-Bold.png"],"chars":[{"id":87,"index":58,"char":"W","width":47,"height":34,"xoffset":-2,"yoffset":6,"xadvance":44,"chnl":15,"x":0,"y":0,"page":0},{"id":81,"index":52,"char":"Q","width":36,"height":41,"xoffset":-1,"yoffset":5,"xadvance":34,"chnl":15,"x":48,"y":0,"page":0},{"id":77,"index":48,"char":"M","width":37,"height":34,"xoffset":1,"yoffset":6,"xadvance":39,"chnl":15,"x":0,"y":35,"page":0},{"id":67,"index":38,"char":"C","width":30,"height":35,"xoffset":-1,"yoffset":5,"xadvance":28,"chnl":15,"x":85,"y":0,"page":0},{"id":71,"index":42,"char":"G","width":31,"height":35,"xoffset":-1,"yoffset":5,"xadvance":30,"chnl":15,"x":116,"y":0,"page":0},{"id":74,"index":45,"char":"J","width":18,"height":35,"xoffset":-1,"yoffset":6,"xadvance":18,"chnl":15,"x":148,"y":0,"page":0},{"id":79,"index":50,"char":"O","width":35,"height":35,"xoffset":-1,"yoffset":5,"xadvance":34,"chnl":15,"x":167,"y":0,"page":0},{"id":83,"index":54,"char":"S","width":25,"height":35,"xoffset":-1,"yoffset":5,"xadvance":23,"chnl":15,"x":203,"y":0,"page":0},{"id":85,"index":56,"char":"U","width":29,"height":35,"xoffset":1,"yoffset":6,"xadvance":31,"chnl":15,"x":85,"y":36,"page":0},{"id":50,"index":21,"char":"2","width":25,"height":35,"xoffset":0,"yoffset":5,"xadvance":24,"chnl":15,"x":229,"y":0,"page":0},{"id":51,"index":22,"char":"3","width":25,"height":35,"xoffset":0,"yoffset":5,"xadvance":24,"chnl":15,"x":38,"y":42,"page":0},{"id":53,"index":24,"char":"5","width":24,"height":35,"xoffset":0,"yoffset":6,"xadvance":24,"chnl":15,"x":0,"y":70,"page":0},{"id":54,"index":25,"char":"6","width":25,"height":35,"xoffset":0,"yoffset":6,"xadvance":24,"chnl":15,"x":0,"y":106,"page":0},{"id":56,"index":27,"char":"8","width":25,"height":35,"xoffset":0,"yoffset":5,"xadvance":24,"chnl":15,"x":0,"y":142,"page":0},{"id":57,"index":28,"char":"9","width":24,"height":35,"xoffset":1,"yoffset":5,"xadvance":24,"chnl":15,"x":0,"y":178,"page":0},{"id":48,"index":19,"char":"0","width":26,"height":35,"xoffset":-1,"yoffset":5,"xadvance":24,"chnl":15,"x":0,"y":214,"page":0},{"id":65,"index":36,"char":"A","width":34,"height":34,"xoffset":-2,"yoffset":6,"xadvance":30,"chnl":15,"x":25,"y":178,"page":0},{"id":66,"index":37,"char":"B","width":27,"height":34,"xoffset":1,"yoffset":6,"xadvance":27,"chnl":15,"x":27,"y":213,"page":0},{"id":68,"index":39,"char":"D","width":31,"height":34,"xoffset":1,"yoffset":6,"xadvance":31,"chnl":15,"x":55,"y":213,"page":0},{"id":69,"index":40,"char":"E","width":23,"height":34,"xoffset":1,"yoffset":6,"xadvance":24,"chnl":15,"x":26,"y":78,"page":0},{"id":70,"index":41,"char":"F","width":23,"height":34,"xoffset":1,"yoffset":6,"xadvance":24,"chnl":15,"x":26,"y":113,"page":0},{"id":72,"index":43,"char":"H","width":30,"height":34,"xoffset":1,"yoffset":6,"xadvance":32,"chnl":15,"x":50,"y":78,"page":0},{"id":73,"index":44,"char":"I","width":10,"height":34,"xoffset":2,"yoffset":6,"xadvance":13,"chnl":15,"x":64,"y":42,"page":0},{"id":75,"index":46,"char":"K","width":30,"height":34,"xoffset":1,"yoffset":6,"xadvance":29,"chnl":15,"x":50,"y":113,"page":0},{"id":76,"index":47,"char":"L","width":22,"height":34,"xoffset":1,"yoffset":6,"xadvance":22,"chnl":15,"x":60,"y":148,"page":0},{"id":78,"index":49,"char":"N","width":30,"height":34,"xoffset":1,"yoffset":6,"xadvance":32,"chnl":15,"x":81,"y":72,"page":0},{"id":80,"index":51,"char":"P","width":26,"height":34,"xoffset":1,"yoffset":6,"xadvance":26,"chnl":15,"x":81,"y":107,"page":0},{"id":82,"index":53,"char":"R","width":28,"height":34,"xoffset":1,"yoffset":6,"xadvance":28,"chnl":15,"x":83,"y":142,"page":0},{"id":84,"index":55,"char":"T","width":28,"height":34,"xoffset":-1,"yoffset":6,"xadvance":25,"chnl":15,"x":108,"y":107,"page":0},{"id":86,"index":57,"char":"V","width":34,"height":34,"xoffset":-2,"yoffset":6,"xadvance":30,"chnl":15,"x":112,"y":72,"page":0},{"id":88,"index":59,"char":"X","width":32,"height":34,"xoffset":-2,"yoffset":6,"xadvance":29,"chnl":15,"x":83,"y":177,"page":0},{"id":89,"index":60,"char":"Y","width":32,"height":34,"xoffset":-2,"yoffset":6,"xadvance":27,"chnl":15,"x":112,"y":142,"page":0},{"id":90,"index":61,"char":"Z","width":27,"height":34,"xoffset":-1,"yoffset":6,"xadvance":26,"chnl":15,"x":137,"y":107,"page":0},{"id":49,"index":20,"char":"1","width":23,"height":34,"xoffset":1,"yoffset":6,"xadvance":24,"chnl":15,"x":115,"y":36,"page":0},{"id":52,"index":23,"char":"4","width":27,"height":34,"xoffset":-2,"yoffset":6,"xadvance":24,"chnl":15,"x":139,"y":36,"page":0},{"id":55,"index":26,"char":"7","width":25,"height":34,"xoffset":0,"yoffset":6,"xadvance":24,"chnl":15,"x":147,"y":71,"page":0}],"info":{"face":"Lato-Bold","size":42,"bold":0,"italic":0,"charset":["A","B","C","D","E","F","G","H","I","J","K","L","M","N","O","P","Q","R","S","T","U","V","W","X","Y","Z","1","2","3","4","5","6","7","8","9","0"],"unicode":1,"stretchH":100,"smooth":1,"aa":1,"padding":[2,2,2,2],"spacing":[0,0]},"common":{"lineHeight":50,"base":36,"scaleW":256,"scaleH":256,"pages":1,"packed":0,"alphaChnl":0,"redChnl":0,"greenChnl":0,"blueChnl":0},"distanceField":{"fieldType":"msdf","distanceRange":4},"kernings":[{"first":65,"second":67,"amount":-1},{"first":65,"second":71,"amount":-1},{"first":65,"second":74,"amount":1},{"first":65,"second":79,"amount":-1},{"first":65,"second":81,"amount":-1},{"first":65,"second":84,"amount":-3},{"first":65,"second":85,"amount":-1},{"first":65,"second":86,"amount":-4},{"first":65,"second":87,"amount":-2},{"first":65,"second":89,"amount":-4},{"first":68,"second":65,"amount":-1},{"first":68,"second":84,"amount":-2},{"first":68,"second":86,"amount":-1},{"first":68,"second":88,"amount":-1},{"first":68,"second":89,"amount":-2},{"first":68,"second":90,"amount":-1},{"first":70,"second":65,"amount":-3},{"first":70,"second":74,"amount":-4},{"first":74,"second":65,"amount":-1},{"first":75,"second":67,"amount":-1},{"first":75,"second":71,"amount":-1},{"first":75,"second":79,"amount":-1},{"first":75,"second":81,"amount":-1},{"first":76,"second":67,"amount":-2},{"first":76,"second":71,"amount":-2},{"first":76,"second":79,"amount":-2},{"first":76,"second":81,"amount":-2},{"first":76,"second":84,"amount":-4},{"first":76,"second":86,"amount":-4},{"first":76,"second":87,"amount":-4},{"first":76,"second":89,"amount":-5},{"first":79,"second":65,"amount":-1},{"first":79,"second":84,"amount":-2},{"first":79,"second":86,"amount":-1},{"first":79,"second":88,"amount":-1},{"first":79,"second":89,"amount":-2},{"first":79,"second":90,"amount":-1},{"first":80,"second":65,"amount":-3},{"first":80,"second":74,"amount":-4},{"first":81,"second":65,"amount":-1},{"first":81,"second":84,"amount":-2},{"first":81,"second":86,"amount":-1},{"first":81,"second":88,"amount":-1},{"first":81,"second":89,"amount":-2},{"first":81,"second":90,"amount":-1},{"first":82,"second":67,"amount":-1},{"first":82,"second":71,"amount":-1},{"first":82,"second":79,"amount":-1},{"first":82,"second":81,"amount":-1},{"first":82,"second":84,"amount":-1},{"first":82,"second":85,"amount":-1},{"first":84,"second":65,"amount":-3},{"first":84,"second":67,"amount":-2},{"first":84,"second":71,"amount":-2},{"first":84,"second":74,"amount":-4},{"first":84,"second":79,"amount":-2},{"first":84,"second":81,"amount":-2},{"first":85,"second":65,"amount":-1},{"first":86,"second":65,"amount":-4},{"first":86,"second":67,"amount":-1},{"first":86,"second":71,"amount":-1},{"first":86,"second":74,"amount":-3},{"first":86,"second":79,"amount":-1},{"first":86,"second":81,"amount":-1},{"first":87,"second":65,"amount":-2},{"first":87,"second":74,"amount":-2},{"first":88,"second":67,"amount":-1},{"first":88,"second":71,"amount":-1},{"first":88,"second":79,"amount":-1},{"first":88,"second":81,"amount":-1},{"first":89,"second":65,"amount":-4},{"first":89,"second":67,"amount":-2},{"first":89,"second":71,"amount":-2},{"first":89,"second":74,"amount":-4},{"first":89,"second":79,"amount":-2},{"first":89,"second":81,"amount":-2},{"first":90,"second":67,"amount":-1},{"first":90,"second":71,"amount":-1},{"first":90,"second":79,"amount":-1},{"first":90,"second":81,"amount":-1}]}